id,Name,Position,Age,City
1,Sasha,QA,26,Denver
2,Vitalik,Developer,28,Lakewood
6,Mila,teacher,67,Poland
9,Nadia,director,87,Soky
e8420f57-2d85-4dd6-8710-ce4c244ee47e,bbb,aaa,345,ddd
fc2ff1b5-888e-43c0-8042-db14293d8373,Holi-edited,peska-edited,3,Sadgora-edited,
4097a3cc-86e2-4ea9-b67f-e2d960fe587b,Pushok,pes,5,Sok
57abc4de-5a02-41fe-ae63-97368c1d7fe1,Charlik,pes,20,Sok
2f2842e3-8bd8-4ade-8a2f-478e15b28b9f,Anna,lombard,27,Novod
6c50efb1-ea66-4636-9ddc-43eb064089ca,alexa,robot,1,denver
f503d424-1655-4d1a-8da8-f3b6b5a898ef,Sasha,toster,26,Sok
15769fa2-32b7-4e59-bf30-eebf397835df,VeryLastName,VeryLasPosition,3,VeryLastCity,
48e50330-4639-4c5a-90d1-03b5821b1726,Petro,driver,20,Ruguzna,